,ELVES,MADNESS PILE,TRON PILE,HEXPROOF,WILDFIRE PILE,MONOR PILE,SKRED PILE,MONOW,AFFINITY,GR RAMP,MONOU TERROR,MONOU FAERIES,HIGH TIDE,OTHER,DEADLY DISPUTE PILE,WALLS,RG RAMP,GY PILE,SYNTH PILE,UW FAMILIAR,MONOB AGGRO,MONOG INFECT,UG PETITIONERS,CYCLING STORM,GATES PILE,MONOW HEROIC,INFECT STORM,TRIBE
2025-05-02,1.0,2.0,1.0,0.0,2.0,1.0,0.0,1.0,0.0,1.0,0.0,1.0,0.0,1.0,2.0,2.0,0.0,3.0,2.0,1.0,1.0,0.0,0.0,0.0,0.0,0.0,0.0,0.0
2025-05-04,6.0,0.0,1.0,1.0,4.0,2.0,0.0,1.0,1.0,0.0,1.0,1.0,1.0,0.0,3.0,1.0,2.0,0.0,1.0,0.0,0.0,0.0,0.0,1.0,0.0,0.0,0.0,0.0
2025-05-05,3.0,2.0,2.0,0.0,0.0,6.0,0.0,0.0,1.0,2.0,1.0,1.0,1.0,1.0,1.0,1.0,1.0,1.0,1.0,1.0,2.0,1.0,0.0,0.0,0.0,0.0,0.0,0.0
2025-05-06,0.0,2.0,0.0,0.0,2.0,8.0,0.0,1.0,1.0,0.0,0.0,0.0,1.0,0.0,1.0,0.0,3.0,2.0,2.0,0.0,2.0,1.0,1.0,0.0,0.0,0.0,0.0,0.0
2025-05-07,1.0,1.0,1.0,0.0,2.0,0.0,1.0,0.0,1.0,1.0,1.0,2.0,2.0,0.0,4.0,1.0,1.0,0.0,3.0,0.0,1.0,2.0,1.0,1.0,0.0,0.0,0.0,0.0
2025-05-08,0.0,2.0,0.0,1.0,1.0,3.0,0.0,1.0,1.0,0.0,1.0,1.0,3.0,0.0,1.0,0.0,0.0,0.0,2.0,0.0,1.0,1.0,0.0,0.0,2.0,0.0,0.0,0.0
2025-05-09,4.0,1.0,0.0,1.0,5.0,3.0,0.0,1.0,0.0,0.0,4.0,1.0,1.0,0.0,2.0,1.0,0.0,1.0,2.0,1.0,1.0,0.0,0.0,0.0,0.0,0.0,0.0,0.0
2025-05-10,3.0,1.0,1.0,0.0,2.0,3.0,0.0,3.0,1.0,0.0,0.0,3.0,1.0,0.0,0.0,0.0,4.0,2.0,1.0,0.0,0.0,0.0,0.0,0.0,1.0,0.0,0.0,0.0
2025-05-11,3.0,1.0,0.0,0.0,0.0,1.0,0.0,1.0,1.0,0.0,2.0,3.0,2.0,1.0,3.0,0.0,0.0,1.0,1.0,0.0,0.0,1.0,0.0,0.0,1.0,0.0,0.0,1.0
2025-05-13,1.0,4.0,0.0,0.0,3.0,5.0,0.0,3.0,0.0,0.0,2.0,2.0,3.0,0.0,2.0,1.0,0.0,0.0,2.0,1.0,0.0,0.0,0.0,0.0,0.0,1.0,0.0,1.0
2025-05-14,2.0,2.0,0.0,1.0,0.0,5.0,2.0,0.0,1.0,0.0,4.0,2.0,0.0,0.0,0.0,0.0,1.0,0.0,3.0,0.0,1.0,0.0,0.0,0.0,0.0,0.0,0.0,0.0
2025-05-15,0.0,1.0,0.0,1.0,2.0,2.0,0.0,3.0,3.0,0.0,3.0,2.0,3.0,1.0,1.0,4.0,0.0,1.0,0.0,0.0,0.0,1.0,0.0,0.0,1.0,0.0,1.0,0.0
2025-05-16,0.0,4.0,1.0,0.0,3.0,2.0,0.0,0.0,1.0,1.0,3.0,0.0,1.0,0.0,0.0,2.0,0.0,2.0,1.0,0.0,0.0,1.0,1.0,1.0,1.0,1.0,0.0,0.0
2025-05-17,0.0,1.0,0.0,0.0,4.0,5.0,0.0,0.0,0.0,1.0,1.0,2.0,1.0,0.0,2.0,0.0,0.0,0.0,1.0,1.0,1.0,0.0,0.0,0.0,0.0,0.0,0.0,0.0
2025-05-18,0.0,2.0,0.0,0.0,2.0,2.0,1.0,1.0,2.0,0.0,2.0,1.0,2.0,0.0,1.0,0.0,0.0,0.0,2.0,0.0,0.0,0.0,0.0,0.0,0.0,0.0,0.0,0.0
2025-05-19,2.0,3.0,0.0,0.0,3.0,2.0,0.0,5.0,2.0,0.0,4.0,1.0,1.0,0.0,2.0,1.0,0.0,0.0,4.0,0.0,0.0,1.0,0.0,0.0,0.0,1.0,1.0,0.0
2025-05-20,1.0,2.0,0.0,0.0,2.0,4.0,0.0,3.0,0.0,1.0,4.0,3.0,0.0,1.0,0.0,1.0,1.0,0.0,3.0,1.0,1.0,0.0,0.0,0.0,0.0,0.0,0.0,0.0
2025-05-21,1.0,2.0,2.0,0.0,2.0,5.0,0.0,2.0,0.0,0.0,4.0,2.0,2.0,1.0,1.0,1.0,0.0,1.0,1.0,0.0,0.0,0.0,0.0,0.0,0.0,0.0,0.0,0.0
2025-05-22,0.0,0.0,2.0,0.0,1.0,7.0,0.0,2.0,0.0,0.0,2.0,2.0,2.0,0.0,2.0,1.0,0.0,0.0,1.0,0.0,0.0,1.0,0.0,0.0,0.0,0.0,0.0,0.0
2025-05-23,0.0,3.0,1.0,0.0,0.0,5.0,0.0,2.0,2.0,0.0,2.0,1.0,0.0,0.0,1.0,0.0,0.0,1.0,5.0,1.0,0.0,0.0,0.0,0.0,0.0,0.0,0.0,0.0
2025-05-24,0.0,2.0,2.0,0.0,2.0,7.0,0.0,0.0,0.0,0.0,5.0,2.0,1.0,0.0,1.0,1.0,0.0,1.0,2.0,0.0,0.0,0.0,0.0,0.0,0.0,0.0,0.0,0.0
2025-05-25,2.0,2.0,1.0,0.0,3.0,3.0,0.0,2.0,1.0,0.0,2.0,1.0,2.0,0.0,0.0,1.0,0.0,1.0,0.0,0.0,1.0,0.0,0.0,0.0,0.0,1.0,0.0,0.0
2025-05-26,0.0,0.0,0.0,3.0,0.0,6.0,0.0,2.0,1.0,1.0,5.0,0.0,1.0,0.0,0.0,1.0,0.0,0.0,0.0,0.0,2.0,0.0,0.0,0.0,0.0,1.0,0.0,0.0
2025-05-27,0.0,4.0,2.0,0.0,1.0,6.0,0.0,1.0,0.0,2.0,3.0,3.0,1.0,1.0,1.0,0.0,0.0,0.0,1.0,0.0,0.0,0.0,0.0,0.0,0.0,1.0,0.0,0.0
2025-05-28,0.0,3.0,0.0,0.0,2.0,3.0,0.0,1.0,0.0,1.0,3.0,0.0,2.0,0.0,0.0,1.0,0.0,0.0,1.0,1.0,1.0,1.0,0.0,0.0,0.0,1.0,0.0,0.0
2025-05-29,2.0,2.0,0.0,1.0,2.0,6.0,1.0,1.0,0.0,2.0,0.0,1.0,4.0,2.0,0.0,1.0,0.0,0.0,1.0,0.0,0.0,0.0,0.0,0.0,2.0,1.0,0.0,0.0
2025-05-30,1.0,6.0,3.0,0.0,1.0,7.0,1.0,2.0,0.0,1.0,1.0,1.0,2.0,0.0,0.0,0.0,0.0,1.0,1.0,0.0,0.0,0.0,0.0,0.0,0.0,0.0,0.0,0.0
2025-05-31,1.0,3.0,0.0,0.0,1.0,6.0,0.0,1.0,0.0,0.0,3.0,2.0,0.0,1.0,1.0,0.0,1.0,0.0,1.0,0.0,0.0,0.0,0.0,1.0,0.0,0.0,0.0,0.0
2025-06-01,1.0,3.0,0.0,0.0,3.0,2.0,0.0,1.0,0.0,0.0,4.0,0.0,2.0,1.0,2.0,2.0,0.0,2.0,1.0,0.0,0.0,0.0,0.0,0.0,0.0,0.0,0.0,0.0
2025-06-02,0.0,0.0,0.0,0.0,0.0,3.0,0.0,0.0,0.0,0.0,1.0,1.0,0.0,0.0,1.0,0.0,0.0,1.0,0.0,0.0,0.0,0.0,1.0,0.0,0.0,0.0,0.0,0.0
2025-06-03,2.0,2.0,0.0,1.0,1.0,5.0,1.0,1.0,1.0,0.0,4.0,2.0,2.0,0.0,1.0,1.0,0.0,0.0,2.0,0.0,0.0,0.0,0.0,0.0,0.0,1.0,0.0,0.0
2025-06-04,1.0,2.0,0.0,0.0,3.0,7.0,0.0,2.0,0.0,0.0,4.0,2.0,1.0,0.0,1.0,0.0,1.0,1.0,0.0,0.0,0.0,0.0,1.0,0.0,0.0,0.0,0.0,0.0
2025-06-05,2.0,4.0,3.0,2.0,2.0,4.0,1.0,1.0,1.0,1.0,1.0,2.0,0.0,0.0,0.0,0.0,0.0,0.0,0.0,0.0,0.0,0.0,0.0,0.0,0.0,0.0,0.0,0.0
2025-06-06,1.0,2.0,1.0,1.0,2.0,5.0,0.0,1.0,0.0,0.0,6.0,2.0,1.0,0.0,2.0,1.0,0.0,0.0,0.0,0.0,0.0,0.0,1.0,0.0,0.0,0.0,0.0,0.0
2025-06-07,0.0,4.0,1.0,0.0,3.0,5.0,0.0,3.0,1.0,0.0,2.0,0.0,1.0,0.0,1.0,1.0,0.0,0.0,0.0,1.0,0.0,0.0,0.0,0.0,0.0,1.0,0.0,0.0
2025-06-08,0.0,2.0,1.0,1.0,2.0,3.0,0.0,1.0,2.0,1.0,4.0,1.0,2.0,0.0,1.0,1.0,0.0,0.0,2.0,0.0,0.0,1.0,0.0,0.0,0.0,1.0,0.0,0.0
2025-06-09,0.0,2.0,2.0,1.0,1.0,2.0,0.0,1.0,0.0,1.0,3.0,2.0,1.0,0.0,4.0,0.0,0.0,0.0,0.0,2.0,0.0,0.0,0.0,0.0,2.0,0.0,0.0,0.0
2025-06-10,0.0,0.0,0.0,0.0,0.0,0.0,0.0,1.0,0.0,0.0,0.0,1.0,1.0,0.0,1.0,0.0,0.0,1.0,0.0,0.0,0.0,0.0,0.0,0.0,0.0,0.0,0.0,0.0
2025-06-10,0.0,2.0,1.0,1.0,3.0,3.0,1.0,1.0,3.0,0.0,0.0,3.0,0.0,0.0,0.0,0.0,0.0,0.0,2.0,0.0,0.0,0.0,0.0,0.0,0.0,0.0,1.0,0.0
2025-06-11,3.0,2.0,1.0,0.0,0.0,2.0,0.0,0.0,0.0,1.0,2.0,2.0,1.0,0.0,2.0,0.0,0.0,0.0,2.0,0.0,0.0,1.0,0.0,0.0,0.0,0.0,0.0,0.0
2025-06-12,0.0,1.0,1.0,1.0,4.0,3.0,1.0,1.0,2.0,0.0,4.0,2.0,2.0,0.0,1.0,1.0,0.0,0.0,2.0,1.0,0.0,0.0,0.0,0.0,0.0,0.0,0.0,0.0
2025-06-13,2.0,2.0,1.0,1.0,4.0,3.0,0.0,0.0,0.0,3.0,1.0,1.0,2.0,0.0,1.0,2.0,0.0,2.0,2.0,0.0,0.0,0.0,0.0,0.0,0.0,0.0,0.0,0.0
2025-06-14,0.0,0.0,1.0,0.0,4.0,2.0,0.0,3.0,0.0,0.0,4.0,5.0,1.0,0.0,4.0,3.0,1.0,1.0,0.0,1.0,0.0,0.0,0.0,0.0,1.0,0.0,0.0,0.0
2025-06-15,3.0,5.0,0.0,0.0,1.0,4.0,0.0,5.0,1.0,1.0,0.0,1.0,1.0,0.0,2.0,0.0,1.0,0.0,0.0,0.0,0.0,0.0,0.0,0.0,0.0,0.0,0.0,0.0
2025-06-16,1.0,3.0,1.0,0.0,0.0,2.0,1.0,1.0,0.0,0.0,7.0,7.0,4.0,1.0,4.0,1.0,1.0,0.0,0.0,0.0,0.0,0.0,0.0,0.0,0.0,0.0,0.0,0.0
2025-06-17,1.0,5.0,3.0,0.0,1.0,5.0,0.0,0.0,0.0,1.0,1.0,5.0,1.0,0.0,4.0,0.0,2.0,0.0,0.0,1.0,0.0,1.0,0.0,0.0,0.0,0.0,0.0,0.0
2025-06-18,0.0,0.0,0.0,0.0,0.0,0.0,0.0,1.0,0.0,0.0,0.0,0.0,2.0,0.0,0.0,0.0,0.0,0.0,1.0,0.0,1.0,0.0,0.0,0.0,0.0,0.0,0.0,0.0
